levenshtein,name,jwink,hamming
0.6719000000000361,0.981500000000002,0.6541000000000381,0.7047000000000325
