levenshtein,name,jwink,hamming
0.9945000000000006,0.9945000000000006,1.0054999999999994,0.9945000000000006
