levenshtein,name,jwink,hamming
0.9923000000000008,0.9929000000000008,1.0030999999999997,0.9923000000000008
