levenshtein,name,jwink,hamming
0.9981000000000002,0.9981000000000002,1.0018999999999998,0.9981000000000002
