levenshtein,name,jwink,hamming
0.7750000000000248,1.0565999999999938,0.7670000000000257,0.7834000000000239
